name,section
Andrew Nyuggh,A
Aiden Pvtkkz,B
Saina Lktnfw,B
Terry Bgxbke,A
Alex Vsvkjd,B
Evelyn Psujkq,B
Joyce Rvblyn,A
Jordan Jsbdex,A
Xing Noraia,A
Sunehra Ezkejp,B
Trenton Rriahe,B
Ramsey Ijerhx,A
Chris Uywdvy,A
Jadelynn Jjxfos,A
Julie Lerlyn,A
Luis Tserjo,A
Gabriel Keuwue,A
Lucas Qekekn,B
Patrick Zgtlsh,A
Julian Aaneab,A
Daniel Hsteqh,B
Zachary Ionosk,A
Jacob Hyvyig,A
Shiwei Usjaul,A
Wenxin Kclkjl,B
Chen Xzjpfw,B
Karan Edzdml,A
Brynn Ooskjg,A
Joseph Wpiiti,B
Yunqian Vkrwvb,B
Rei Qlpcwi,A
James Xufxqx,B
Manasvi Ywznzz,A
Irene Yczvpi,B
Daniella Pizfxx,A
Natan Vudddm,A
Peici Epwbhj,B
Danny Gkekxz,A
Judah Rjktfy,A
Tiffany Cmpcsq,A
Jinyuan Wbzqkv,A
Dhruv Hiwqfs,B
Zimu Cdznws,A
Richard Wcnwqp,A
Tenuun Sybajl,A
Prisha Wxdavn,A
Yubo Kyphuj,B
Leqi Glcxbd,B
Rachel Nbkfgy,A
Erin Ihackv,B
Megan Wbwtsa,B
Wuxuan Trkscf,A
Lola Jkchpe,A
Owen Uspaij,A
Noah Pwnqqy,A
Maximiliano Xswuur,A
Parinitha Bwqmrl,A
Bryan Hdfkfd,B
Jocelyn Gicgbd,B
Zeyu Hylrkv,B
Thang Nyjkaq,B
Angelina Emwtls,B
Vanessa Dhhcqo,B
Nicole Bjntjw,B
Sharon Bnorlo,B
Brandon Egenww,A
Angela Lxiuvm,A
Matthew Gqjzye,A
Hanrong Sqahip,A
Benjamin Rrnwdx,B
Xinyun Ponbyr,A
Kelly Wqexhe,A
Aaron Omuwha,B
Vikram Rgceec,A
David Zjkoaw,B
Jeffrey Mrvhtp,B
Monica Rglohu,B
Pragya Npjnzw,B
Nancy Yoonga,B
Zoe Ncerrb,B
Aaryan Psxiuz,A
Tommy Dpgtbx,B
Zaira Qwrooy,B
Lingyu Wcsrko,B
Julia Mwbxyg,A
Greyson Iqlgkr,A
Yue Svospl,B
Francisco Bszydf,B
Leslie Wsiwhv,B
Aella Etwjcy,A
Jasneh Msbixs,B
Tianqi Kjasrq,B
Ze Ocnwpl,A
Preethi Irztys,B
Peter Yfdqfq,B
Yuxin Ykacti,A
Elsa Duefao,B
Christopher Fmjpfr,A
Eric Qqvymg,A
Haolin Jvirim,A
Chenyu Jmiwyw,B
Seungwon Ocbymk,B
Pengyuan Qrkxrd,A
Raymonie Ympffi,A
Jason Oqbtbl,A
Harry Dcjipl,B
Phillip Dwdtlz,B
Valeria Conbja,B
Jay Wijqrp,B
Haoyu Ahpoau,A
Ai Hnoone,A
Shirley Tfzpxp,B
Rihan Nhunha,A
Arnav Xmqbwm,A
Jessica Pffpkb,A
"Huynh, Pevkhl",A
Tomoki Klypxi,B
Hao Rbnrav,A
Jenna Vhrhew,A
Kacey Zebavi,B
Joshua Fhwhvg,B
Prayag Qqkmci,A
Jaden Xjidoj,A
Robin Tfpruv,A
Dhiman Wxbdnt,B
Raquel Aoqzyt,A
Diwen Obrpia,A
John Pvajfi,A
Urvi Hysczs,A
Louis Jfoxqc,A
Hannah Dfxngb,B
Jennie Dqadoo,A
Grace Yxqqik,B
Nomiko Zjyudv,A
Aiden Xmmbnj,B
Jiaqi Naeisk,B
Leo Kulzbx,B
Shreya Vpgjjb,A
Marcus Ttfkas,A
Clairelane Oupzxk,A
Denise Jitsgp,A
Yang Yslhwh,A
Zoe Zweakb,B
Jesica Czwlmm,A
Zhuolin Woelhw,A
Carlos Dwkbrn,B
